comment_id,video_id,author,text,like_count,published_at,reply_count,is_reply
Ugwcf0rWmFiXWHUZ1Ah4AaABAg,j2qUj7a0ja8,@aifiesta.official,Join AI Fiesta here: https://aifiesta.link/1bs,386,2026-02-01T09:11:33Z,16,False
Ugwcf0rWmFiXWHUZ1Ah4AaABAg.ASfwCKhfmLGASgAaqCOWnf,j2qUj7a0ja8,@Bakugo-Run,Ya bro,0,2026-02-01T11:26:06Z,0,True
Ugwcf0rWmFiXWHUZ1Ah4AaABAg.ASfwCKhfmLGASgGM9rvhXm,j2qUj7a0ja8,@Sachiin_S1,Free or paid? ğŸ¤”,7,2026-02-01T12:16:24Z,0,True
Ugwcf0rWmFiXWHUZ1Ah4AaABAg.ASfwCKhfmLGASgHWx4kfcL,j2qUj7a0ja8,@MR.heanch01M,Ai fiesta name apke mind me kaha se???,5,2026-02-01T12:26:36Z,0,True
Ugwcf0rWmFiXWHUZ1Ah4AaABAg.ASfwCKhfmLGASgHcT3ijtt,j2qUj7a0ja8,@MR.heanch01M,â€‹@Sachiin_S1paid,0,2026-02-01T12:27:30Z,0,True
Ugwcf0rWmFiXWHUZ1Ah4AaABAg.ASfwCKhfmLGASgHu0sqt7Q,j2qUj7a0ja8,@Sachiin_S1,â€‹@MR.heanch01M  aise toh tumhara Naam jo hai o kyu ğŸ˜,3,2026-02-01T12:29:54Z,0,True
UgyfNd03-808Ud5rCSl4AaABAg,j2qUj7a0ja8,@prateek2705,Round neck tshirt is permanent,3191,2026-01-31T02:22:37Z,41,False
UgyfNd03-808Ud5rCSl4AaABAg.ASccbG1Hu4PAScskWRDqkL,j2qUj7a0ja8,@abutuba627,ğŸ˜‚,4,2026-01-31T04:43:41Z,0,True
UgyfNd03-808Ud5rCSl4AaABAg.ASccbG1Hu4PAScvDEScDLa,j2qUj7a0ja8,@Suryajaiswalupsc,Face book ke à¤®à¤¾à¤²à¤¿à¤•  se à¤ªà¥à¤°à¤­à¤¾à¤µà¤¿à¤¤ hua hai ğŸ˜‚ğŸ˜‚ğŸ˜‚,71,2026-01-31T05:05:13Z,0,True
UgyfNd03-808Ud5rCSl4AaABAg.ASccbG1Hu4PAScvGA9gui4,j2qUj7a0ja8,@BinuBuragohain-g1x,ğŸ˜‚ğŸ˜‚ğŸ˜‚.... But isi liye day by day support Dhruv Rathee âœ…â¤ï¸ğŸ‡®ğŸ‡³,66,2026-01-31T05:05:37Z,0,True
UgyfNd03-808Ud5rCSl4AaABAg.ASccbG1Hu4PASdKsIHlM7T,j2qUj7a0ja8,@ONE518FC,I also love round t-shirts. I mean all 90s kids know.,9,2026-01-31T08:58:09Z,0,True
UgyfNd03-808Ud5rCSl4AaABAg.ASccbG1Hu4PASdOBttcZkn,j2qUj7a0ja8,@timepass2.,ğŸ˜‚ğŸ˜‚ğŸ˜‚,1,2026-01-31T09:27:11Z,0,True
UgwJqJYgl_dQNsH3Ra54AaABAg,j2qUj7a0ja8,@AshishK-Verma,"Pahli baar pura English samajh aa raha hai, Howww.. ğŸ˜®",950,2026-01-31T16:35:24Z,22,False
UgwJqJYgl_dQNsH3Ra54AaABAg.ASe9CG7gs_3ASfPlh5I6U2,j2qUj7a0ja8,@HarshitKashyap-uq5hx,ğŸ˜‚ğŸ˜‚,2,2026-02-01T04:19:25Z,0,True
UgwJqJYgl_dQNsH3Ra54AaABAg.ASe9CG7gs_3ASfqNtAKeoC,j2qUj7a0ja8,@bmixentertainment,Right brother â¤,5,2026-02-01T08:20:42Z,0,True
UgwJqJYgl_dQNsH3Ra54AaABAg.ASe9CG7gs_3ASfy3QZhtjd,j2qUj7a0ja8,@GritGlow-TV,Right ğŸ˜…,15,2026-02-01T09:27:49Z,0,True
UgwJqJYgl_dQNsH3Ra54AaABAg.ASe9CG7gs_3ASgbX5B3Gbb,j2qUj7a0ja8,@KamranAli-xt9py,ku ka ap na video dekha ha jis main ya sab kuch bataya ha druv bahi na already in hindi video on channel ğŸ˜‚ğŸ˜‚,4,2026-02-01T15:30:08Z,0,True
UgwJqJYgl_dQNsH3Ra54AaABAg.ASe9CG7gs_3ASgeVvw92tY,j2qUj7a0ja8,@RohitsFarmvisuals,"Hehe because he is speaking India accent. Slow, moderate.",88,2026-02-01T15:56:11Z,0,True
Ugw4bRaHnwSMzDDHxD54AaABAg,j2qUj7a0ja8,@ManishSingh-u3j7o,Pure Indian English,1797,2026-01-31T02:26:19Z,19,False
Ugw4bRaHnwSMzDDHxD54AaABAg.AScd1S08B76ASfakZLDdi5,j2qUj7a0ja8,@TanmalAhire-zx5zn,ğŸ˜‚,1,2026-02-01T06:04:07Z,0,True
Ugw4bRaHnwSMzDDHxD54AaABAg.AScd1S08B76ASfkHSYFskb,j2qUj7a0ja8,@realsohan_forsure,Usi liye gaya hai vo India banke ğŸ˜‚,7,2026-02-01T07:27:24Z,0,True
Ugw4bRaHnwSMzDDHxD54AaABAg.AScd1S08B76ASfwe4ms_Hr,j2qUj7a0ja8,@sudeshnadas8732,That's called being real.,90,2026-02-01T09:15:29Z,0,True
Ugw4bRaHnwSMzDDHxD54AaABAg.AScd1S08B76ASg1p_whIv1,j2qUj7a0ja8,@EchosOfSoul7,It's indian accent ğŸ¥,11,2026-02-01T10:09:29Z,0,True
Ugw4bRaHnwSMzDDHxD54AaABAg.AScd1S08B76ASg3Pk0M8qN,j2qUj7a0ja8,@GeetpremiXYZ,"Why would he increase commercialism, he is a person with positive thinking.â¤â¤",21,2026-02-01T10:23:17Z,0,True
UgzmQ1hZuhHJIOhdleh4AaABAg,j2qUj7a0ja8,@kuldeepmanat139,Pura video dekhne baad mujhe pata chala mujhe English samaj me bhi aati hai ğŸ˜‚ğŸ˜‚,194,2026-01-31T14:22:56Z,10,False
UgzmQ1hZuhHJIOhdleh4AaABAg.ASdv286k911ASgcQza4tha,j2qUj7a0ja8,@smarttalks.s,same bro ğŸ˜…,5,2026-02-01T15:38:02Z,0,True
UgzmQ1hZuhHJIOhdleh4AaABAg.ASdv286k911ASgeYwmc2ON,j2qUj7a0ja8,@RohitsFarmvisuals,ğŸ˜‚ğŸ˜‚ğŸ˜‚ğŸ˜‚,3,2026-02-01T15:56:36Z,0,True
UgzmQ1hZuhHJIOhdleh4AaABAg.ASdv286k911ASgexetfAzk,j2qUj7a0ja8,@RohitsFarmvisuals,It happens many times to me that I'm watching a video and someone comes up and say it's english I can't understand. Then I  realise oh really it's english it's not my language ğŸ˜‚  in flow of watching and paying attention I forget that the person in video is switching between languages and I'm completely unaware of this because I have good enough understanding of english.,2,2026-02-01T16:00:06Z,0,True
UgzmQ1hZuhHJIOhdleh4AaABAg.ASdv286k911ASiFVX90vtC,j2qUj7a0ja8,@fiisi_edits,ğŸ˜…,3,2026-02-02T06:47:25Z,0,True
UgzmQ1hZuhHJIOhdleh4AaABAg.ASdv286k911ASiH9kYREWp,j2qUj7a0ja8,@MukeshKumar55mh,Mujhko bhi same laga ğŸ˜…ğŸ˜…,4,2026-02-02T07:01:55Z,0,True
Ugyu7z_Zve0KfHcTWP94AaABAg,j2qUj7a0ja8,@plained-yt,First time I heard him speaking English ğŸ˜‚ğŸ˜‚ğŸ˜‚,2839,2026-01-30T19:28:38Z,70,False
Ugyu7z_Zve0KfHcTWP94AaABAg.ASbtEFFUeEIAScXkynk9Ob,j2qUj7a0ja8,@PsychoNazofficial,Same here,12,2026-01-31T01:31:30Z,0,True
Ugyu7z_Zve0KfHcTWP94AaABAg.ASbtEFFUeEIAScZ2KNsoiK,j2qUj7a0ja8,@batiarrahman1853,Still Namaskar dosto continue ğŸ˜Š,247,2026-01-31T01:42:45Z,0,True
Ugyu7z_Zve0KfHcTWP94AaABAg.ASbtEFFUeEIASca9Wyyrhr,j2qUj7a0ja8,@BhaizXBagnX-y4j,Bhai tu uska vlog dekh...woh apni wife se english mai hi baat karte hai ğŸ˜…ğŸ˜…,171,2026-01-31T02:01:13Z,0,True
Ugyu7z_Zve0KfHcTWP94AaABAg.ASbtEFFUeEIAScaVGpKf7e,j2qUj7a0ja8,@PsychoNazofficial,@BhaizXBagnX-y4jha vai dekha hu but. Speech dete huye first dekhağŸ˜Š,30,2026-01-31T02:04:11Z,0,True
Ugyu7z_Zve0KfHcTWP94AaABAg.ASbtEFFUeEIAScglpV9Qp7,j2qUj7a0ja8,@mondaytoons2,ğŸ¤¦ğŸ»â€â™‚ï¸ğŸ¤¦ğŸ»â€â™‚ï¸,2,2026-01-31T02:59:00Z,0,True
Ugwq9v5fhYWC-vONuHh4AaABAg,j2qUj7a0ja8,@jamuna1995,Dhruv sir kabhi B boring nahi kiya hai ğŸ˜ŠğŸ˜ŠğŸ˜Š,292,2026-01-31T04:39:32Z,1,False
Ugwq9v5fhYWC-vONuHh4AaABAg.AScsHAemPZCAT4bfLBUUVe,j2qUj7a0ja8,@hazrat_dhurv_rathee_waslam,Your new profet dhurv rathee ğŸ˜‚ğŸ˜‚,0,2026-02-11T08:32:24Z,0,True
UgyBwRBYjjnJxmWi6-54AaABAg,j2qUj7a0ja8,@AnkitSharma-sm1kx,Ye banda bhut pada likha or baat krne k bhi tarika h â¤,652,2026-02-01T01:48:59Z,15,False
UgyBwRBYjjnJxmWi6-54AaABAg.ASf8YrIaoOMASiEi5O2UA_,j2qUj7a0ja8,@chubazi98,"HM NE PARHE LIKAY JAHIL DEKHE HE. Ye parha likha hi nhi, balke scientific thinking, Critical thinking aur logic se kam leta he islye ye kamyab he. Hamare ha to Slavery ko b justify krte he Parhay likhay log",18,2026-02-02T06:40:32Z,0,True
UgyBwRBYjjnJxmWi6-54AaABAg.ASf8YrIaoOMASiaN1H6TVQ,j2qUj7a0ja8,@ITS_MITSYAAKOMI_GIRL,"You're Completely Wrong He Is Not Educated it is a Sci-Co Mindset I have Seen Many Peoples In This Country but that one is a Masterpiece dude have just created His Whole New World....Not By Dreams By Teamworks...
By Innovative thinking not with the help of believers Or Top Content Creators dude has just created his Own AI Tools Based App Includes All of them In Just One App...â¤â¤â¤
Bro Worked Smartly i swear he will be in The Top Rankings...",11,2026-02-02T09:58:30Z,0,True
UgyBwRBYjjnJxmWi6-54AaABAg.ASf8YrIaoOMASiafG9gmxg,j2qUj7a0ja8,@ITS_MITSYAAKOMI_GIRL,â€‹@chubazi98ğŸ˜ŠğŸ‘‰âŒ,1,2026-02-02T10:01:07Z,0,True
UgyBwRBYjjnJxmWi6-54AaABAg.ASf8YrIaoOMASimVjGPbkm,j2qUj7a0ja8,@Zainakhanishere888,Bat.to.sai hai,1,2026-02-02T11:44:33Z,0,True
UgyBwRBYjjnJxmWi6-54AaABAg.ASf8YrIaoOMASm0iIJnY3a,j2qUj7a0ja8,@FawnTheCreator,Lekin jab sach bolne ki baat aati hain toh aadhi heen bolta hain,1,2026-02-03T17:55:11Z,0,True
Ugz2VNs8NwrgIuCcco14AaABAg,j2qUj7a0ja8,@ayanhashmiayanhashmi9192,Bhau ki english so simple ğŸ˜®ğŸ˜®,156,2026-01-31T05:20:56Z,0,False
UgweIU3Ym5t-q0ia4lB4AaABAg,j2qUj7a0ja8,@pravinchoudhary9665,"Dhruv Ratheeâ€™s speech at the 1 Billion Summit in Dubai was incredibly inspiring and thought-provoking.His clarity of thought, passion for positive change, and commitment to impactful ideas truly resonated. A powerful message delivered with conviction  one that motivates us all to think deeper and act with purpose. Well done ğŸ˜Š",39,2026-01-31T10:01:14Z,0,False
UgxuLKhkZhw7DdNEtOZ4AaABAg,j2qUj7a0ja8,@SunilRajpootOfficial,"à¤§à¥à¤°à¥à¤µ à¤°à¤¾à¤ à¥€ à¤œà¥€ à¤•à¥‹ à¤‡à¤¤à¤¨à¥€ à¤¬à¤¡à¤¼à¥€ à¤¸à¥à¤ªà¥€à¤š à¤¦à¥‡à¤¤à¥‡ à¤¹à¥à¤, à¤®à¥ˆà¤‚à¤¨à¥‡ à¤ªà¤¹à¤²à¥€ à¤¬à¤¾à¤° à¤¦à¥‡à¤–à¤¾ à¤¹à¥ˆ, à¤µà¥‹ à¤­à¥€ à¤…à¤‚à¤—à¥à¤°à¥‡à¤œà¥€ à¤®à¥‡à¤‚, à¤¹à¤®à¤¾à¤°à¥‡ à¤¦à¥‡à¤¶ à¤•à¥‡ à¤¨à¥Œà¤œà¤µà¤¾à¤¨ à¤§à¥à¤°à¥à¤µ à¤°à¤¾à¤ à¥€ à¤œà¥€!",782,2026-01-31T03:43:55Z,7,False
UgxuLKhkZhw7DdNEtOZ4AaABAg.AScluof_tsXASd4a8BlyP-,j2qUj7a0ja8,@sayyedsahil4184,DhruRati absolutely right aways ğŸ‰ğŸ‰â¤,15,2026-01-31T06:35:52Z,0,True
UgxuLKhkZhw7DdNEtOZ4AaABAg.AScluof_tsXASdU3AdCugH,j2qUj7a0ja8,@Divyanshu-j4c9u,ğŸ˜‚ğŸ˜‚ğŸ˜‚,6,2026-01-31T10:18:25Z,0,True
UgxuLKhkZhw7DdNEtOZ4AaABAg.AScluof_tsXASe-dotaxfQ,j2qUj7a0ja8,@Xd-Deepan,Bhai enghindi pe bolo mujhe pure hindi nahi aata ğŸ˜¢,3,2026-01-31T15:11:55Z,0,True
UgxuLKhkZhw7DdNEtOZ4AaABAg.AScluof_tsXASgKsrO2-cT,j2qUj7a0ja8,@mellowmood9,"Chill, not a Tedx",3,2026-02-01T12:55:57Z,0,True
UgxuLKhkZhw7DdNEtOZ4AaABAg.AScluof_tsXASgOAshIWb7,j2qUj7a0ja8,@PapraZMunsyariOfficial11,To Tu mdr14 Youvaa nhi hai,0,2026-02-01T13:24:46Z,0,True
UgzHDRqhYdbeSHehO5B4AaABAg,j2qUj7a0ja8,@nicecodes,"Honestly, who hasnâ€™t heard of Dhruv Rathee? Heâ€™s one of the most recognized voices on YouTube right now.",19,2026-01-31T14:11:08Z,0,False
UgzhzWWsVzw-FCcUjhN4AaABAg,j2qUj7a0ja8,@Akash.v5,0:46 indian youtuber â¤,135,2026-01-31T11:25:30Z,1,False
UgzhzWWsVzw-FCcUjhN4AaABAg.ASdajUoiBh6ASybshXdPx2,j2qUj7a0ja8,@adityay2k,ğŸ˜‚ğŸ˜‚,0,2026-02-08T15:19:33Z,0,True
UgxUJAx_ZapeysjUdcl4AaABAg,j2qUj7a0ja8,@Sachiin_S1,Bahoot dino de dhruv bhai ko kaun kaun sun rha ğŸ˜ŠğŸ« ,507,2026-01-30T15:43:07Z,15,False
UgxUJAx_ZapeysjUdcl4AaABAg.ASbUQYpF2E1ASbnE-mwY6D,j2qUj7a0ja8,@Shahrikgamerz,Dino se nahi bhai main 2019 se sun raha hu dhruv bhai ko.,7,2026-01-30T18:36:11Z,0,True
UgxUJAx_ZapeysjUdcl4AaABAg.ASbUQYpF2E1ASbqT2qHJSc,j2qUj7a0ja8,@user-vc7kn6lv8b,â€‹@Shahrikgamerzaur me 2017 Sai â˜ ï¸,2,2026-01-30T19:04:27Z,0,True
UgxUJAx_ZapeysjUdcl4AaABAg.ASbUQYpF2E1ASbv-L83ZoX,j2qUj7a0ja8,@AnujSharma-t4x,I'm watching him around 2019-2020. At that time I got smartphone too.,0,2026-01-30T19:44:05Z,0,True
UgxUJAx_ZapeysjUdcl4AaABAg.ASbUQYpF2E1AScFI9ZMWQd,j2qUj7a0ja8,@TryAI-p3f,Kuch mil gya kya,2,2026-01-30T22:50:09Z,0,True
UgxUJAx_ZapeysjUdcl4AaABAg.ASbUQYpF2E1AScQZY0ru4v,j2qUj7a0ja8,@thecarX_toonz,â€‹@TryAI-p3fbahat kuch...,0,2026-01-31T00:28:38Z,0,True
UgztLHCtNQc7QesSER54AaABAg,j2qUj7a0ja8,@anuradhagupta376,"à¤®à¥à¤à¥‡ à¤‡à¤‚à¤—à¥à¤²à¤¿à¤¸ à¤¸à¤®à¤ à¤¨à¤¹à¥€à¤‚ à¤†à¤¤à¥€ à¤«à¤¿à¤° à¤­à¥€ à¤®à¥ˆ à¤¸à¤¾à¤°à¥€ à¤µà¥€à¤¡à¤¿à¤¯à¥‹ à¤¦à¤¿à¤–à¥€ à¤¹à¥‚à¤,,,,, à¤”à¤° à¤œà¥‹ à¤­à¥€ à¤µà¥€à¤¡à¤¿à¤¯à¥‹ à¤¹à¥ˆ à¤¸à¤¾à¤°à¥€ à¤¦à¥‡à¤– à¤°à¤–à¥€ à¤¹à¥‚à¤ ,,, dhurv bhai à¤†à¤ªà¤•à¥‡ à¤¬à¥‹à¤²à¤¨à¥‡ à¤•à¤¾ à¤¤à¤°à¥€à¤•à¤¾ à¤¬à¤¹à¥à¤¤ à¤…à¤šà¥à¤›à¤¾ à¤²à¤—à¤¤à¤¾ à¤¹à¥ˆ,,,, â¤",37,2026-01-31T11:23:33Z,0,False
Ugz5D_C7cdCFb5o8rHB4AaABAg,j2qUj7a0ja8,@Shivamroy05k,Dhruv fans attendance here !,2871,2026-01-30T15:21:44Z,51,False
Ugz5D_C7cdCFb5o8rHB4AaABAg.ASbRyuSAlGLASbTzBzW-ua,j2qUj7a0ja8,@MMGAMINGPRO0909,"Yes, sir ğŸ™‹",10,2026-01-30T15:39:15Z,0,True
Ugz5D_C7cdCFb5o8rHB4AaABAg.ASbRyuSAlGLASbZXsAhiyH,j2qUj7a0ja8,@ExpertFiroj,Attendance lagao bhai log,17,2026-01-30T16:27:49Z,0,True
Ugz5D_C7cdCFb5o8rHB4AaABAg.ASbRyuSAlGLASbk3jFvz-g,j2qUj7a0ja8,@Kingbeast7A,ğŸ™‹ğŸ»,5,2026-01-30T18:08:33Z,0,True
Ugz5D_C7cdCFb5o8rHB4AaABAg.ASbRyuSAlGLASbkVKe8Xjl,j2qUj7a0ja8,@realArRaihan,Yes sir,7,2026-01-30T18:12:20Z,0,True
Ugz5D_C7cdCFb5o8rHB4AaABAg.ASbRyuSAlGLASbl_LV-XxZ,j2qUj7a0ja8,@yasmeensmakeover,ğŸ™‹,4,2026-01-30T18:21:45Z,0,True
UgwepUtUegZh2WQmwo94AaABAg,j2qUj7a0ja8,@TipsGuru4,Real Indian Youth and Inspiration,18,2026-01-31T17:09:27Z,0,False
Ugyw_4V1BZhtHhbbs-l4AaABAg,j2qUj7a0ja8,@Anupam-q9z,looks like mark zookerberg,53,2026-01-31T06:35:41Z,0,False
Ugz32zKVyY-uxwWPWyR4AaABAg,j2qUj7a0ja8,@Praveen__Gupta,Big Fain From Nepal ğŸ‡³ğŸ‡µ,42,2026-01-31T13:48:24Z,0,False
UgzQhkguFLLL8JNIM2V4AaABAg,j2qUj7a0ja8,@Pankaikhangham,Jobhi video dekho kbhi bored hone hi nhi deta hai bhai ğŸ˜¢,129,2026-01-30T20:07:33Z,0,False
Ugyz4bjgc55zH9Vi_IB4AaABAg,j2qUj7a0ja8,@shalinilife_style,It's not a big deal guys to speak english hamare indian english bolte h ye to fir bhi foreigner h btw his voice is awesome ğŸ˜Š,10,2026-01-31T21:01:14Z,0,False
Ugx7Vi2JcLt7nw11LLJ4AaABAg,j2qUj7a0ja8,@Anandpriy-b9f,Dhruv fans attendance â¤,124,2026-01-30T15:50:57Z,0,False
UgxvFuP9nZganDCnOHp4AaABAg,j2qUj7a0ja8,@NavitaChoudhary-y1t,"0:07 ğŸ˜‚
0:10 à¤¨à¤®à¤¸à¥à¤•à¤¾à¤° à¤¦à¥‹à¤¸à¥à¤¤à¥‹à¤‚ is Also permanent ğŸ˜‚â¤",6,2026-02-03T09:02:57Z,0,False
UgyfhVOb3ypFqP_LkBd4AaABAg,j2qUj7a0ja8,@TheRohitVermaShowClips,Bro â¤ unexpected introduction ğŸ˜„,53,2026-01-31T08:33:15Z,0,False
Ugz0oLPiNI_TXOq19jx4AaABAg,j2qUj7a0ja8,@Nursing_aspirant1997,à¤®à¥ˆà¤‚ à¤¤à¥‹ à¤‡à¤‚à¤—à¥à¤²à¤¿à¤¶ à¤®à¥‡à¤‚ à¤¬à¤¾à¤¤ à¤•à¤°à¤¤à¥‡ à¤¹à¥à¤ à¤ªà¤¹à¤²à¥€ à¤¬à¤¾à¤° à¤¸à¥à¤¨ à¤°à¤¹à¤¾ à¤¹à¥‚à¤‚ à¤§à¥à¤°à¥à¤µ à¤­à¥ˆà¤¯à¤¾ à¤•à¥‹ğŸ˜‚ğŸ˜‚,7,2026-01-31T16:22:12Z,0,False
UgyXQSy4T87lwL2QGhR4AaABAg,j2qUj7a0ja8,@ShyamSravi,more than Rs 22cr in 4 month ğŸ¤¯ğŸ¤¯,95,2026-01-30T18:26:04Z,0,False
UgxOlSKiKSdxp_pPOd94AaABAg,j2qUj7a0ja8,@irfanwani0034,Everything is temporary but Dhruva rathee t shirt is parmenent in every of his vedio ğŸ˜‚ğŸ˜‚,0,2026-02-12T10:25:35Z,0,False
Ugzbp0RL15IHlPXSLxR4AaABAg,j2qUj7a0ja8,@movies44Vk,Dhruv rathi Fans hajiri lagaoğŸ˜…ğŸ˜…,239,2026-01-31T02:19:58Z,2,False
Ugzbp0RL15IHlPXSLxR4AaABAg.ASccItH4nTlASlU92PyCWN,j2qUj7a0ja8,@AkashVlogs171,We are already here ğŸ˜…,0,2026-02-03T12:53:08Z,0,True
Ugzbp0RL15IHlPXSLxR4AaABAg.ASccItH4nTlASsEtI1LRav,j2qUj7a0ja8,@hazrat_dhurv_rathee_waslam,ğŸ–ï¸,0,2026-02-06T03:54:28Z,0,True
Ugzxh5deL571hjSrAb54AaABAg,j2qUj7a0ja8,@godfreypinto8448,"Dhruv,  this is the first time I heard you speak in English. Yes I am interested and going to join soon...",6,2026-02-01T08:54:26Z,0,False
UgwNl5TswBGLF1zMkBB4AaABAg,j2qUj7a0ja8,@user-vc7kn6lv8b,Ai Fiesta day by day ğŸ“ˆğŸ“ˆğŸ“ˆğŸ“ˆğŸ“ˆ,981,2026-01-30T19:12:15Z,21,False
UgwNl5TswBGLF1zMkBB4AaABAg.ASbrMEQYnyKAScunGEzBeC,j2qUj7a0ja8,@vaibhav4323,ğŸ˜‚,3,2026-01-31T05:01:32Z,0,True
UgwNl5TswBGLF1zMkBB4AaABAg.ASbrMEQYnyKAScuyIblEDd,j2qUj7a0ja8,@BinuBuragohain-g1x,â€‹@vaibhav4323ğŸ˜¡,0,2026-01-31T05:03:02Z,0,True
UgwNl5TswBGLF1zMkBB4AaABAg.ASbrMEQYnyKASd5h9Cup1Z,j2qUj7a0ja8,@Jebesniper,tu chomu he agar isko tu AI manta he ğŸ˜‚ğŸ˜‚ğŸ˜‚ğŸ˜‚,48,2026-01-31T06:45:33Z,0,True
UgwNl5TswBGLF1zMkBB4AaABAg.ASbrMEQYnyKASdDCBNupui,j2qUj7a0ja8,@subtlesight-i7,@Jebesniper ğŸ˜±ğŸ˜±ğŸ˜‚ğŸ˜‚ğŸ˜‚ğŸ˜‚ğŸ˜‚ğŸ˜‚,1,2026-01-31T07:51:06Z,0,True
UgwNl5TswBGLF1zMkBB4AaABAg.ASbrMEQYnyKASdL6t-e6TV,j2qUj7a0ja8,@PW-URANIUM-OFFICIAL,â€‹@Jebesniper manna kya h nam me hi ai hai ğŸ˜‚,4,2026-01-31T09:00:17Z,0,True
UgygJ05HoLN0P35UXpZ4AaABAg,j2qUj7a0ja8,@RamanSingh-po4sx,Dhruv rahti respect â¤â¤â¤â¤ love you bro â¤â¤,7,2026-01-31T11:43:12Z,0,False
UgyLRYzz0F03fEFTNeR4AaABAg,j2qUj7a0ja8,@Surjo_Personal,"A thing I want to point out, please use the term ""Affordable"" instead of ""Cheap""

The Tata Nano failed because of this mistake",77,2026-01-31T07:47:35Z,3,False
UgyLRYzz0F03fEFTNeR4AaABAg.ASdCnSHsBDBASdbsfZB8vP,j2qUj7a0ja8,@Jasim_R09,"When it's come to business, euphemism doesn't matter bro...",2,2026-01-31T11:35:29Z,0,True
UgyLRYzz0F03fEFTNeR4AaABAg.ASdCnSHsBDBASktGKbPiEi,j2qUj7a0ja8,@AlphaRJ6,nano failed bcx of consumersğŸ˜‚,0,2026-02-03T07:22:05Z,0,True
UgyLRYzz0F03fEFTNeR4AaABAg.ASdCnSHsBDBAT0s9urLUxs,j2qUj7a0ja8,@Nicechap-x7p,Nano failed because it was a shitty product,0,2026-02-09T21:39:34Z,0,True
UgyhygrQGJtWi5Fkfjx4AaABAg,j2qUj7a0ja8,@mahlawat12,Probably one of the few people from India who has decent frontal lobe. Good work.,6,2026-02-01T03:00:31Z,0,False
UgxFy5zFaL1anT-gXC94AaABAg,j2qUj7a0ja8,@premkumarafficial,I proud of you ğŸ’ª becouse u r indian people,45,2026-01-31T02:12:39Z,0,False
UgwA5-RDQsmEdr4io-d4AaABAg,j2qUj7a0ja8,@Suraj123-India,"*Dhruv Rathee is on a Mission to Intitute young Generation*
â¤â¤â¤â¤â¤â¤â¤",6,2026-01-31T20:56:05Z,0,False
UgxM2yBmYA2JDKdy5Td4AaABAg,j2qUj7a0ja8,@study_motivation12930,greatest youtuber in indian history  dhruv rathi thanks bro,318,2026-01-31T06:25:34Z,4,False
UgxM2yBmYA2JDKdy5Td4AaABAg.ASd3PhwasR3ASfJds_FeLD,j2qUj7a0ja8,@scroll.withmohit,ğŸ˜‚,2,2026-02-01T03:25:55Z,0,True
UgxM2yBmYA2JDKdy5Td4AaABAg.ASd3PhwasR3ASh06xwNJsb,j2qUj7a0ja8,@SupamChang,No doubt... He is popular in Northeast India too,15,2026-02-01T19:13:45Z,0,True
UgxM2yBmYA2JDKdy5Td4AaABAg.ASd3PhwasR3ASiKQg_brMK,j2qUj7a0ja8,@IMLUFFYYI,â€‹@SupamChangtrue... I never missed his videos.,3,2026-02-02T07:30:27Z,0,True
UgxM2yBmYA2JDKdy5Td4AaABAg.ASd3PhwasR3AT0HZLzD3uG,j2qUj7a0ja8,@BEYONDERgaming0009,Abhe bklAndi k ğŸ˜‚,0,2026-02-09T16:10:59Z,0,True
Ugwz4qt8rqmSLtf74ut4AaABAg,j2qUj7a0ja8,@NirajK2725,Dhruv sir students ke liye AI Fiesta me free model add kar dijiye â¤â¤â¤â¤,4,2026-02-02T07:47:15Z,0,False
Ugy_4IgMlwKEuzpOdMp4AaABAg,j2qUj7a0ja8,@SudhirKumar-if5li,Atleast he is not using teleprompter ğŸ˜‚,93,2026-01-31T01:18:08Z,4,False
Ugy_4IgMlwKEuzpOdMp4AaABAg.AScWDzg528uASiwRl1N_4u,j2qUj7a0ja8,@SatyamDevu,ğŸ˜‚ ğŸ˜‚ ğŸ˜‚ à¤‡à¤¨à¤•à¥‹ à¤®à¥‹à¤¦à¥€ à¤¨à¤¹à¥€à¤‚ à¤¹à¥à¤† à¤¹à¥ˆ ğŸ˜‚ ğŸ˜‚,1,2026-02-02T13:11:23Z,0,True
Ugy_4IgMlwKEuzpOdMp4AaABAg.AScWDzg528uASm4OKE9eAB,j2qUj7a0ja8,@basicallyhumanoid,"So according to even putin, xi jin ping, kim jomg un, prime minister of japan are nothing in front of dhurv rathee?- they too use telepromoter right?.. and english is just a mere language... did aryabhata, bhaskaracharya, al baruni and buddha knew english?",1,2026-02-03T18:27:17Z,0,True
Ugy_4IgMlwKEuzpOdMp4AaABAg.AScWDzg528uASnaE5o8Dtr,j2qUj7a0ja8,@refarmarak18,ğŸ˜‚ğŸ˜‚ğŸ‘,0,2026-02-04T08:33:29Z,0,True
Ugy_4IgMlwKEuzpOdMp4AaABAg.AScWDzg528uASo679Mr23u,j2qUj7a0ja8,@SubjugatingMonarch,look at his hand a paper script,2,2026-02-04T13:20:53Z,0,True
Ugx0nyPi-axXqAPSc8J4AaABAg,j2qUj7a0ja8,@kimjong_un79,Dhruv rathee bhai ka english me speech sunkar lag raha hai ki hm bhi english samjh sakte haiğŸ˜…,2,2026-02-01T16:24:37Z,0,False
UgwYmW208LzhJrhxQZN4AaABAg,j2qUj7a0ja8,@VashuKumarMaurya,"Dhruv bhaiya Aura ğŸ’€ğŸ˜ˆ
$2.5 million revenue in 4 month",507,2026-01-30T18:56:40Z,16,False
UgwYmW208LzhJrhxQZN4AaABAg.ASbp_6JiEI3ASceBX7cyc_,j2qUj7a0ja8,@quotesver,Revenue and margin alag chiz h bhai,29,2026-01-31T02:36:26Z,0,True
UgwYmW208LzhJrhxQZN4AaABAg.ASbp_6JiEI3AScjWFcMJMx,j2qUj7a0ja8,@comment_padne_aayeho,â€‹@quotesveraccha ğŸ˜…,3,2026-01-31T03:22:57Z,0,True
UgwYmW208LzhJrhxQZN4AaABAg.ASbp_6JiEI3ASd-UhfHnLY,j2qUj7a0ja8,@RealRock9460,â€‹@comment_padne_aayehoHis net worth 95 crores. Per month YouTube income 5.6 crores,0,2026-01-31T05:51:17Z,0,True
UgwYmW208LzhJrhxQZN4AaABAg.ASbp_6JiEI3ASdFzV4CB6d,j2qUj7a0ja8,@logicx9384,Net income and Gross income do alag Cheez h brother.,5,2026-01-31T08:15:27Z,0,True
UgwYmW208LzhJrhxQZN4AaABAg.ASbp_6JiEI3ASdJT3nTTJH,j2qUj7a0ja8,@farhanmomin862,And he is partner not whole company is his.,0,2026-01-31T08:45:50Z,0,True
UgzAeVM1Fkz28eo_gdV4AaABAg,j2qUj7a0ja8,@birbhadrabarman-j2v,Because Ai Fiesta is internetion app,6,2026-02-01T02:51:10Z,0,False
UgxU5rWHNSzcYdeIARJ4AaABAg,j2qUj7a0ja8,@sumittivari815,Dhruv rathee sir be like: I can be anywhere....but my t-shirt will be traditional ğŸ˜…ğŸ˜…... but great sir ğŸ‘ ğŸ˜Š,357,2026-01-31T03:13:29Z,5,False
UgxU5rWHNSzcYdeIARJ4AaABAg.ASciQqzVkLJASjKASAVLMT,j2qUj7a0ja8,@thenextbanker8971,He is inspired from mark Zuckerberg ğŸ˜‚,2,2026-02-02T16:47:28Z,0,True
UgxU5rWHNSzcYdeIARJ4AaABAg.ASciQqzVkLJASjv1xv9Taw,j2qUj7a0ja8,@QuantumNinja1.9v,â€‹@thenextbanker8971  Mark took the inspiration from Steve Jobs,1,2026-02-02T22:18:22Z,0,True
UgxU5rWHNSzcYdeIARJ4AaABAg.ASciQqzVkLJASkN36jqEw7,j2qUj7a0ja8,@sumittivari815,â€‹@thenextbanker8971ğŸ˜‚ğŸ˜‚ right !!!!!!!!!!!!,1,2026-02-03T02:31:55Z,0,True
UgxU5rWHNSzcYdeIARJ4AaABAg.ASciQqzVkLJASkN5hC7RlQ,j2qUj7a0ja8,@sumittivari815,â€‹@QuantumNinja1.9v who was last ? ğŸ˜‚ğŸ˜‚,0,2026-02-03T02:32:17Z,0,True
UgxU5rWHNSzcYdeIARJ4AaABAg.ASciQqzVkLJASkRnulvgvO,j2qUj7a0ja8,@DataExecute,@QuantumNinja1.9v And he took inspiration from me ğŸ˜,0,2026-02-03T03:13:24Z,0,True
UgwXc5ZNGEcDvefYoyd4AaABAg,j2qUj7a0ja8,@mohinijaiswal382,0:17  hein?? voice changed ğŸ˜³,129,2026-01-31T10:30:30Z,5,False
UgwXc5ZNGEcDvefYoyd4AaABAg.ASdVReWbSzKASeFqiRID2B,j2qUj7a0ja8,@Naveen61527,First one is recorded from speaker,5,2026-01-31T17:33:29Z,0,True
UgwXc5ZNGEcDvefYoyd4AaABAg.ASdVReWbSzKASfSMrQxvVa,j2qUj7a0ja8,@nasigaming-l4e,AI ka kamaal hai,9,2026-02-01T04:42:06Z,0,True
UgwXc5ZNGEcDvefYoyd4AaABAg.ASdVReWbSzKASgVjD1zQvE,j2qUj7a0ja8,@BrainyAthelete,"Ghok ghok ğŸ˜‚ğŸ˜‚ğŸ˜€






Joking btw",3,2026-02-01T14:30:45Z,0,True
UgwXc5ZNGEcDvefYoyd4AaABAg.ASdVReWbSzKASiiHCUrzMR,j2qUj7a0ja8,@mememaxxing,indie superman ğŸ˜‚,1,2026-02-02T11:07:36Z,0,True
UgwXc5ZNGEcDvefYoyd4AaABAg.ASdVReWbSzKASr8cMSamn1,j2qUj7a0ja8,@bishalmagar9285,Maybe mic or speaker problem,0,2026-02-05T17:40:29Z,0,True
Ugxm0prH2niUzpxADEB4AaABAg,j2qUj7a0ja8,@story_narrator20,people who dont know him and watching here for first time ğŸ’€,97,2026-01-30T16:58:00Z,0,False
Ugy_P7qwcc7qpgV6maF4AaABAg,j2qUj7a0ja8,@Dhruvratheesort,Apka fan hone ki vajah se english me bhi video dekh li jabki mujhe english nhi aati abhi bolna seekh rha hu big fan ğŸ«µğŸ¤—ğŸ¥°ğŸ‡®ğŸ‡³,15,2026-02-01T12:12:46Z,3,False
Ugy_P7qwcc7qpgV6maF4AaABAg.ASgFwdhBtstASsF93_0_HR,j2qUj7a0ja8,@hazrat_dhurv_rathee_waslam,ğŸ˜‚ğŸ˜‚ğŸ˜‚,0,2026-02-06T03:56:45Z,0,True
Ugy_P7qwcc7qpgV6maF4AaABAg.ASgFwdhBtstAT2_RyxKjBm,j2qUj7a0ja8,@Mohammadsahil-zr7yx,â€‹@hazrat_dhurv_rathee_waslam?,0,2026-02-10T13:34:29Z,0,True
Ugy_P7qwcc7qpgV6maF4AaABAg.ASgFwdhBtstAT4bcZbaahX,j2qUj7a0ja8,@hazrat_dhurv_rathee_waslam,â€‹@Mohammadsahil-zr7yx your new profet dhurv rathee ğŸ˜‚ğŸ˜‚ğŸ˜‚,0,2026-02-11T08:32:01Z,0,True
Ugy723r9w_G5QLYq6fR4AaABAg,j2qUj7a0ja8,@ATOMICCREATION123,Dharuv Sir Students ke liye free kar do  Ai Fiesta,23,2026-01-31T05:39:32Z,0,False
UgwL04qA2bmM5i3VrhN4AaABAg,j2qUj7a0ja8,@ishant_xy,Kish kish Ye Video Bina Search Ke Mila ğŸ˜…,2,2026-02-01T07:47:31Z,0,False
UgzeJk8vSPyfVAP-Kad4AaABAg,j2qUj7a0ja8,@VarunKumar-56,"I have been watching dhruv Rathee sir videos for 6year and i noticed  that He is very simple person and  very practical person 
DHRUVI Rathee such huge youtuber then also
He doesn't show up like other 
youtubers  I have not seen wearing suit branded clothes or something different he always work with simple looks and I like that 
He always makes videos wearing t-shirts 

Sir  love you,I'm from odisha",25,2026-01-31T03:56:26Z,0,False
Ugxk2FlQ_C0mWtbL9_t4AaABAg,j2qUj7a0ja8,@ankaj056,"à¤®à¥ˆà¤‚à¤¨à¥‡ à¤ªà¤¹à¤²à¥€ à¤¬à¤¾à¤° à¤¦à¥‡à¤–à¤¾ à¤•à¤¿ à¤§à¥à¤°à¥à¤µ à¤°à¤¾à¤ à¥€ à¤¸à¤¿à¤°à¥à¤« à¤…à¤‚à¤—à¥à¤°à¥‡à¤œà¥€ à¤¬à¥‹à¤²à¤¤à¤¾ à¤¹à¥ˆ, à¤µà¤¾à¤¹! à¤®à¥‡à¤¹à¤¨à¤¤à¥€ à¤›à¤¾à¤¤à¥à¤°, à¤¸à¤­à¥€ à¤µà¤¿à¤·à¤¯à¥‹à¤‚ à¤•à¤¾ à¤œà¥à¤à¤¾à¤¨ à¤¹à¥ˆà¥¤",7,2026-02-01T13:02:23Z,1,False
Ugxk2FlQ_C0mWtbL9_t4AaABAg.ASgLc-DDZFnASi7Iqxe9_j,j2qUj7a0ja8,@dipikakumari4088,Tumhe pta nhi bhai pehle iska content hi only English main hota tha ğŸ˜‚,0,2026-02-02T05:35:47Z,0,True
Ugwc_JuclT7xJsSqJuR4AaABAg,j2qUj7a0ja8,@pjon2670,good thing happen to good person ğŸ‘Druv Sir you deserve it,34,2026-01-30T18:38:56Z,0,False
Ugw6UNPYxnUOS8UIZIl4AaABAg,j2qUj7a0ja8,@AllenStanly-p5d,I'm watching from nagaland enpoğŸ˜…ğŸ˜ŠğŸ˜ŠğŸ˜Š,7,2026-02-10T14:28:38Z,1,False
Ugw6UNPYxnUOS8UIZIl4AaABAg.AT2fdY5s8-EAT4beApUx6E,j2qUj7a0ja8,@hazrat_dhurv_rathee_waslam,Your new profet dhurv rathee ğŸ˜‚ğŸ˜‚,0,2026-02-11T08:32:15Z,0,True
UgwSWaQKOB2UTUmG-7h4AaABAg,j2qUj7a0ja8,@SureshKumar-jo7rs,T shirt ğŸ‘• is always same,331,2026-01-31T03:33:27Z,6,False
UgwSWaQKOB2UTUmG-7h4AaABAg.AScki5d2-a-AScpVVDh3KX,j2qUj7a0ja8,@Aditya_kumar-r4Ã­5n,Sayad pehle light blue hua kerta tha,7,2026-01-31T04:15:17Z,0,True
UgwSWaQKOB2UTUmG-7h4AaABAg.AScki5d2-a-ASe2CIwDK_E,j2qUj7a0ja8,@IrfanBashir-z6q,Did not you hear speaking him english with juli,4,2026-01-31T15:34:14Z,0,True
UgwSWaQKOB2UTUmG-7h4AaABAg.AScki5d2-a-ASfBze6CYzI,j2qUj7a0ja8,@Raushan-j8p,Yes ğŸ’¯,3,2026-02-01T02:19:00Z,0,True
UgwSWaQKOB2UTUmG-7h4AaABAg.AScki5d2-a-ASiFcQXyLNy,j2qUj7a0ja8,@fiisi_edits,Yeah ğŸ˜…,2,2026-02-02T06:48:30Z,0,True
UgwSWaQKOB2UTUmG-7h4AaABAg.AScki5d2-a-ASj6op6US0t,j2qUj7a0ja8,@SauravKumar-ym1zb,Tshirt par koi brand nhi hai,2,2026-02-02T14:50:47Z,0,True
UgxQ-nk7uPg7macNo7t4AaABAg,j2qUj7a0ja8,@iftionweb-x,He looks like Mark Zuckerberg if he was Indian,4,2026-02-01T16:36:37Z,0,False
UgxqJJKT05irxwVN8_R4AaABAg,j2qUj7a0ja8,@PRAVEENKumar-xk4bv,dhruv rathee brother very hardworking person,41,2026-01-31T01:58:13Z,0,False
UgzP3911f2qzno5BkBV4AaABAg,j2qUj7a0ja8,@SachinKushwaha-o5q,Love you Dhruv rathee bhi â¤â¤â¤â¤â¤â¤â¤â¤â¤â¤â¤â¤â¤â¤â¤â¤â¤â¤â¤â¤â¤â¤â¤â¤â¤â¤â¤â¤â¤â¤â¤â¤â¤â¤â¤â¤â¤â¤â¤â¤â¤â¤â¤â¤â¤â¤â¤â¤â¤â¤â¤â¤â¤â¤â¤â¤â¤â¤â¤â¤â¤â¤â¤â¤â¤â¤â¤â¤â¤â¤â¤â¤â¤â¤â¤â¤â¤â¤â¤â¤â¤â¤â¤â¤,0,2026-02-04T15:12:16Z,0,False
UgwvsKevQIEgiLlXyUl4AaABAg,j2qUj7a0ja8,@SatendraSingh-lq5kf,AI fiesta,20,2026-01-30T15:19:10Z,0,False
UgxdTVQZyzNfKkmKAtx4AaABAg,j2qUj7a0ja8,@shruJoshi,Dhruv ki hasi like blog with his wife ğŸ˜‚â¤,3,2026-02-01T08:32:04Z,0,False
UgwQYdtQ_ofePrY147t4AaABAg,j2qUj7a0ja8,@iftekharalam3539,10:22  he is like Sundar Pichai,95,2026-01-30T18:43:22Z,7,False
UgwQYdtQ_ofePrY147t4AaABAg.ASbo2guzunpASdG71XH14C,j2qUj7a0ja8,@logicx9384,Keep dreaming have you ever seen Sunder Pichai mathmatics and logical power? It's way faster than dhruv Rathi entire career.,9,2026-01-31T08:16:36Z,0,True
UgwQYdtQ_ofePrY147t4AaABAg.ASbo2guzunpASdM1lJNzCF,j2qUj7a0ja8,@abhinwss,"â€‹@logicx9384are u serious ğŸ˜… he said , he look alike , not like him , so know the difference babyyğŸ˜‚",7,2026-01-31T09:08:19Z,0,True
UgwQYdtQ_ofePrY147t4AaABAg.ASbo2guzunpASdYGRUb9IE,j2qUj7a0ja8,@logicx9384,Are you kidding baby? He said like not lookalikeğŸ˜‚â€‹@abhinwss,0,2026-01-31T10:55:11Z,0,True
UgwQYdtQ_ofePrY147t4AaABAg.ASbo2guzunpASdsZyzW3xV,j2qUj7a0ja8,@razk2557,@logicx9384 He is reading script from that paper. His blind followers don't know the difference between AI wrapper & AI product.,0,2026-01-31T14:01:21Z,0,True
UgwQYdtQ_ofePrY147t4AaABAg.ASbo2guzunpASe2KXT51LS,j2qUj7a0ja8,@Twicetoons,â€‹@logicx9384Itna sach mein nahin bola thağŸ˜…ğŸ˜‚ğŸ˜‚ğŸ˜‚ğŸ˜‚,2,2026-01-31T15:35:22Z,0,True
UgyhMHFeuOV5EEDN41R4AaABAg,j2qUj7a0ja8,@CraftMandir,5:25 when speech is powerful but sleep is more powerfulğŸ˜‚ğŸ˜‚ğŸ˜‚ğŸ˜‚,3,2026-02-01T09:21:48Z,0,False
Ugy8Fyk1Gjh3HRtDM1l4AaABAg,j2qUj7a0ja8,@kausharazam786,Love From Us ğŸ˜,16,2026-01-30T15:49:45Z,0,False
UgxtZNkiCdIxSnn_sqV4AaABAg,j2qUj7a0ja8,@mohmmadhaiderquarrar2464,Honest peaple always apriciate to dhurv  rathi,2,2026-02-11T07:21:45Z,0,False
Ugy1zpRYxiVspPGqUcZ4AaABAg,j2qUj7a0ja8,@IMperfect9007,Thankyou Dhruv rathee sir for providing such a beautiful platform...for everyone â¤,14,2026-01-31T04:07:45Z,0,False
UgxEGT8JUoXR9zeOOI94AaABAg,j2qUj7a0ja8,@malukshorts,Looking like Enrique iglesias,0,2026-02-12T10:20:06Z,0,False
UgxDbCfma_TovRPP9Tl4AaABAg,j2qUj7a0ja8,@EducationWithaa777,à¤¬à¤¹à¥à¤¤ à¤¬à¤¹à¥à¤¤ à¤¶à¥à¤­à¤•à¤¾à¤®à¤¨à¤¾à¤à¤‚ dhruv rathee à¤­à¤¾à¤ˆ à¤œà¥€ ğŸ‰,8,2026-01-31T03:27:54Z,0,False
Ugw1tb3PC13m-kxQeh54AaABAg,j2qUj7a0ja8,@ShivamYadav-em3it,Dhruv's simplicity rocking the whole youtube platform â¤,3,2026-02-02T17:20:31Z,0,False
UgziLfdg7rVTB3qH-rh4AaABAg,j2qUj7a0ja8,@BinuBuragohain-g1x,Kon kon manta h Bhai Dhruv Rathee... One Man Army!âœ…â¤ğŸ‡®ğŸ‡³,236,2026-01-31T05:01:16Z,4,False
UgziLfdg7rVTB3qH-rh4AaABAg.ASculHOGvUTASdcIxIq_2q,j2qUj7a0ja8,@Amritraj-e7o,No this time 34 million army but  in future 1 billion family â¤â¤,4,2026-01-31T11:39:13Z,0,True
UgziLfdg7rVTB3qH-rh4AaABAg.ASculHOGvUTASgygFIWl7r,j2qUj7a0ja8,@DrDonutOffifcial,â€‹@Amritraj-e7o34 million isn't enough ???,1,2026-02-01T18:52:29Z,0,True
UgziLfdg7rVTB3qH-rh4AaABAg.ASculHOGvUTAShmKiEy2Yw,j2qUj7a0ja8,@Amritraj-e7o,â€‹@DrDonutOffifcialmaybe no,0,2026-02-02T02:23:48Z,0,True
UgziLfdg7rVTB3qH-rh4AaABAg.ASculHOGvUTAShzWEjE5AJ,j2qUj7a0ja8,@HumaKhan-p2l,Me....ğŸ˜Š,1,2026-02-02T04:18:58Z,0,True
UgzXENmQqF3FHCXqQPF4AaABAg,j2qUj7a0ja8,@revabsoul,Pehli bar itna acche se English samajh aaya ğŸ˜Š,1,2026-02-02T05:43:38Z,0,False
UgzMAQW8ihaac8R1u_54AaABAg,j2qUj7a0ja8,@Parthamondal1089-x5b,Haters always crying but keep it up dhruv bhayiaâ¤â¤,163,2026-01-30T19:45:26Z,1,False
UgzMAQW8ihaac8R1u_54AaABAg.ASbv9Eqs0LHASgUJt7cIEB,j2qUj7a0ja8,@gauravbaranwal3228,Read srila PRAPHUPAD book,1,2026-02-01T14:18:25Z,0,True
Ugz9pAghXZWg3J9p2pp4AaABAg,j2qUj7a0ja8,@G2YTVCreator,ğŸ‡®ğŸ‡³à¤§à¥à¤°à¥à¤µ à¤°à¤¾à¤ à¥€ ğŸ‡®ğŸ‡³ğŸ’ªğŸ»ğŸ˜ğŸ‘ğŸ»,2,2026-02-01T07:46:08Z,0,False
UgyOriY6CWIDwrUqYpl4AaABAg,j2qUj7a0ja8,@SwordofJustice0,Andhbhaktoon kaisa lagağŸ˜‚ğŸ˜‚ğŸ˜‚,31,2026-01-30T18:17:24Z,1,False
UgyOriY6CWIDwrUqYpl4AaABAg.ASbl4UPMajcAScYOXt2x7N,j2qUj7a0ja8,@RaushanKumar-ct4xu,Andhbhakto ko English samajh nhi aati broğŸ˜‚,0,2026-01-31T01:37:03Z,0,True
UgwqA3g9TXQG9yTBdBZ4AaABAg,j2qUj7a0ja8,@rambhajn24,Kya baat h bhai Indian youtubers me dam hâ¤â¤ Jay hind,4,2026-01-31T04:16:00Z,0,False
UgyAuDXV52JXN8L_K3Z4AaABAg,j2qUj7a0ja8,@rajnikantrajbhar1,Love You Dhruv Rathe à¤­à¥ˆà¤¯à¤¾ à¤à¤¸à¥‡ à¤¹à¥€ à¤¦à¥‡à¤¶ à¤•à¤¾ à¤¨à¤¾à¤® à¤°à¥‹à¤¶à¤¨à¤•à¤°à¤¤à¥‡ à¤°à¤¹à¥‡à¤‚,2,2026-02-02T04:48:40Z,0,False
UgwXUxnnD6V3ZM1cr_h4AaABAg,j2qUj7a0ja8,@personalities-11C,5:22 that yawn ğŸ¥±...ğŸ˜‚ğŸ˜‚ğŸ˜‚,36,2026-01-31T07:48:58Z,2,False
UgwXUxnnD6V3ZM1cr_h4AaABAg.ASdCx_PKuNPASdUklkFo43,j2qUj7a0ja8,@mohinijaiswal382,ğŸ˜‚,1,2026-01-31T10:24:30Z,0,True
UgwXUxnnD6V3ZM1cr_h4AaABAg.ASdCx_PKuNPASeBmgJG_Hz,j2qUj7a0ja8,@Asim-xz2hp,Police agyi re baba,1,2026-01-31T16:57:59Z,0,True
UgxbTRBxz3X01JrHQ6F4AaABAg,j2qUj7a0ja8,@AlokBiswal-q6i,ğŸ˜®ğŸ˜®ğŸ˜®ğŸ˜®,0,2026-02-01T15:52:06Z,0,False
Ugy5sXcPllQNeAfLrTd4AaABAg,j2qUj7a0ja8,@SoundGamerz12345,Dhruv Rathee ai,8,2026-01-31T08:46:21Z,0,False
Ugzue4fPKhUEPZUTSfd4AaABAg,j2qUj7a0ja8,@ConvosWithJames03,9:19 - something  will always go wrong no matter how prepared you are... â¤â¤â¤,4,2026-02-01T10:04:54Z,0,False
UgxehqOkMD6Al2QZBe14AaABAg,j2qUj7a0ja8,@trueknowjourney,Big fan,14,2026-01-30T15:29:25Z,0,False
UgzSA_i-zkTnk0huYc54AaABAg,j2qUj7a0ja8,@abhishekmishra5794,ğŸ‰ğŸ‰ğŸ‰ğŸ‰ğŸ‰,0,2026-02-07T13:04:01Z,0,False
Ugzx_b_tJpnnI-xMLSh4AaABAg,j2qUj7a0ja8,@user-vc7kn6lv8b,4:41 Abe idhar bhi Tod diya inne,32,2026-01-30T19:07:23Z,1,False
Ugzx_b_tJpnnI-xMLSh4AaABAg.ASbqndks3I9ASbvFSMKbHV,j2qUj7a0ja8,@AnujSharma-t4x,In the beginning I was thinking Audio track is automatically sets to English.ğŸ˜¶,1,2026-01-30T19:46:17Z,0,True
UgyT0qsK2euKC3OZ8hB4AaABAg,j2qUj7a0ja8,@NEERAJKUMAR.MEERUT,ğŸ‡®ğŸ‡³GREAT WORK DHRUV RATHEE SIRğŸ‡®ğŸ‡³,2,2026-02-01T08:48:50Z,0,False
Ugw3cK5NNsev33TA5tp4AaABAg,j2qUj7a0ja8,@TinyToons72-Ai,Good Sir â¤,11,2026-01-30T15:21:27Z,0,False
UgzStJYvFxr8SRbCYGR4AaABAg,j2qUj7a0ja8,@himanshugamingyt8875,superrrrr bro pahli baar dhruv rathi ka english sunne mila ğŸ˜‰,1,2026-01-31T14:49:20Z,0,False
UgzvXWr-14kKQnGlOkF4AaABAg,j2qUj7a0ja8,@Archbytes-,"Dhruv, you are my all time Favorite. 
I belive one day we'll definitely meet.",93,2026-01-31T08:25:45Z,1,False
UgzvXWr-14kKQnGlOkF4AaABAg.ASdH9wTtCZ4ASsF6kkAhAR,j2qUj7a0ja8,@hazrat_dhurv_rathee_waslam,Dhurv âŒ brain washer âœ…,0,2026-02-06T03:56:26Z,0,True
Ugy9OfW0dyKawcHAo3V4AaABAg,j2qUj7a0ja8,@RojaddinAnsari-n3z,Video ghanta samajh me kuchh nahi aa raha hai lekin fir bhi video pura watch karunga kyunki video dhruv rathee ki hai ğŸ’ªğŸ’€ğŸ™ƒ,3,2026-02-02T15:08:50Z,0,False
Ugxiq6qIprTTiI9pT1B4AaABAg,j2qUj7a0ja8,@akashshnu,"Who else thinks, his earnings will impact Indian politics ğŸ˜‚",5,2026-01-31T03:50:50Z,0,False
UgwvJ2f-7ER9FtVPJoZ4AaABAg,j2qUj7a0ja8,@Trishu-LovesYou,7.30 bhai ne to chatgpt company walon ko v hila diağŸ˜‚ğŸ˜‚,2,2026-02-04T08:01:59Z,0,False
Ugz4oN5Xoup8k4FxsNR4AaABAg,j2qUj7a0ja8,@AmanSingh_10p,Or kuch anpadh log dhruv rathee ka expose karte hai ğŸ˜‚,21,2026-01-31T02:53:49Z,2,False
Ugz4oN5Xoup8k4FxsNR4AaABAg.AScgAt5Q8l4ASfePCVyxmW,j2qUj7a0ja8,@mayankpatle6447,"Expose ho jata , fr dar ke mare unko block kr deta h ye ğŸ˜‚ğŸ˜‚",0,2026-02-01T06:36:01Z,0,True
Ugz4oN5Xoup8k4FxsNR4AaABAg.AScgAt5Q8l4ASfsD0P6XBW,j2qUj7a0ja8,@debopriyochakrabortty293,â€‹â€‹@mayankpatle6447 abusive trolls deserve to get blocked,4,2026-02-01T08:36:42Z,0,True
Ugxe-PqPQ1dd_SrqR6N4AaABAg,j2qUj7a0ja8,@AnasAhmad-r4b,beautiful speech sirr very inspirational,8,2026-01-30T16:58:23Z,0,False
Ugwe0LlTzin8LCcFxTN4AaABAg,j2qUj7a0ja8,@VijayKunapareddy-g3u,English me pahle bar Kisi ki puri video dekhi hai samjh nahi aaya kya kya bola hai per Maja AA gaya ğŸ˜‚,6,2026-01-31T15:28:31Z,1,False
Ugwe0LlTzin8LCcFxTN4AaABAg.ASe1YOgHpckASiya8LlmZR,j2qUj7a0ja8,@Economics365,Samah nahi aya?,0,2026-02-02T13:30:08Z,0,True
UgxOp1Ge1-x3TOd6rt94AaABAg,j2qUj7a0ja8,@Shivamroy05k,Dhruv expose all godi youtuber as well as godi media in just  3 video ğŸ˜‚ğŸ˜‚,289,2026-01-30T15:26:11Z,12,False
UgxOp1Ge1-x3TOd6rt94AaABAg.ASbSUTkHKRFASbtr1CXLg4,j2qUj7a0ja8,@IqbalAhmed-e1e,dhruv rathe is also,4,2026-01-30T19:34:04Z,0,True
UgxOp1Ge1-x3TOd6rt94AaABAg.ASbSUTkHKRFASbwHwa5GJ7,j2qUj7a0ja8,@DecodeABD,but now most youtuber exposing dhruv with facts ğŸ˜,45,2026-01-30T19:55:21Z,0,True
UgxOp1Ge1-x3TOd6rt94AaABAg.ASbSUTkHKRFAScDcxhwLAK,j2qUj7a0ja8,@WIN_1306,@DecodeABD correct,15,2026-01-30T22:35:39Z,0,True
UgxOp1Ge1-x3TOd6rt94AaABAg.ASbSUTkHKRFASchJy0TKlA,j2qUj7a0ja8,@AangBasu,if you cannot provide the service don't take money from the customers,5,2026-01-31T03:03:48Z,0,True
UgxOp1Ge1-x3TOd6rt94AaABAg.ASbSUTkHKRFAScihzsRlQt,j2qUj7a0ja8,@Shivamroy05k,â€‹@AangBasu mai bhi ai fiesta ka subscription liya huu mai aaram se video banata huu !,1,2026-01-31T03:15:57Z,0,True
Ugz9dXAZUxv4Chd_Qb54AaABAg,j2qUj7a0ja8,@starshivam9551,Love you Am indian Jai bheem ğŸ’™ğŸ’™ğŸ’™ğŸ’™ğŸ’™ğŸ‘ğŸ‘ğŸ‘ğŸ’ğŸ’ğŸ’,0,2026-02-03T03:01:32Z,0,False
Ugz7daxjZwIeGAmI24J4AaABAg,j2qUj7a0ja8,@MChandrakarshort,ğŸ‘â¤ï¸ğŸ’¯ğŸ«¡,9,2026-01-30T15:32:30Z,0,False
Ugxn9cxQWT2N3gqoWO94AaABAg,j2qUj7a0ja8,@anjaliibaghel,Pheli baar full body me dekha dhruv rathee ko ğŸ˜‚,2,2026-02-02T12:37:49Z,0,False
Ugz6CUg7-dKACYnQEVx4AaABAg,j2qUj7a0ja8,@gammingpro15,Keep it up bro ğŸ’• You Are In ğŸ”¥â¤ğŸ˜®,7,2026-01-30T18:10:51Z,0,False
Ugys3WbItC8mhIcMJ254AaABAg,j2qUj7a0ja8,@shyams1,â¤â¤â¤â¤â¤â¤â¤â¤â¤â¤â¤â¤â¤â¤â¤â¤â¤â¤â¤â¤,1,2026-02-01T11:01:27Z,0,False
UgwpNbZmhfA5P98-9wh4AaABAg,j2qUj7a0ja8,@monkeybhaiya2404,"I must say, sir, that I have a deep appreciation for the excellent piece of work that you have produced. I find it to be truly commendable, and I wish to express my gratitude for the effort and skill that you have clearly put into it, resulting in such a remarkable outcome.",7,2026-01-30T15:34:16Z,0,False
UgxxQuWtMEiQHxc7rWx4AaABAg,j2qUj7a0ja8,@vijaymarkam6742,ğŸ’«ğŸ’«,0,2026-02-05T15:58:19Z,0,False
UgxD5nDgX9qY8SgyAyp4AaABAg,j2qUj7a0ja8,@Syed-Asad-Sh,"Nailed it Bhai â¤ you're on the fire and boosting your entrepreneur business!
Keep growing like thisğŸ˜ŠğŸ˜ŠğŸ˜Š",9,2026-01-30T19:11:53Z,0,False
UgzO5knVK0SS71kn2hx4AaABAg,j2qUj7a0ja8,@SahilMaurya-i5x,ğŸ‰ğŸ‰ğŸ‰,0,2026-02-02T09:52:18Z,0,False
UgzJSfTR3smo5qM4svF4AaABAg,j2qUj7a0ja8,@Thepublic99h,à¤§à¥à¤°à¥à¤µ à¤•à¤¾ à¤†à¤œ à¤¬à¥‹à¤²à¤¨à¥‡ à¤•à¤¾ à¤…à¤‚à¤¦à¤¾à¥› à¤”à¤° à¤œà¤¿à¤¸ à¤¤à¤°à¤¹ à¤¸à¥‡ à¤¯à¥‡ à¤µà¥€à¤¡à¤¿à¤¯à¥‹ à¤®à¥‡à¤‚ à¤¬à¤¾à¤¤ à¤•à¤°à¤¤à¤¾ à¤¹à¥ˆ à¤®à¥ˆà¤‚  à¤¯à¥‡ 100 % à¤¶à¥à¤¯à¥‹à¤°à¤¿à¤Ÿà¥€ à¤¸à¥‡ à¤¬à¥‹à¤² à¤¸à¤•à¤¤à¤¾ à¤¹à¥‚à¤ à¤¯à¥‡ à¤µà¥€à¤¡à¤¿à¤¯à¥‹  à¤Ÿà¥ˆà¤²à¤¿à¤ªà¥à¤°à¤¾à¤®à¥à¤ªà¥à¤Ÿà¤° à¤¸à¥‡ à¤°à¥€à¤¡ à¤•à¤°à¤•à¥‡  à¤°à¤¿à¤•à¥‰à¤°à¥à¤¡ à¤•à¤°à¤¤à¤¾ à¤¹à¥ˆ à¤¯à¥‡ à¤•à¥à¤› à¤—à¤²à¤¤ à¤¨à¤¹à¥€à¤‚ à¤¹à¥ˆ à¤•à¥à¤¯à¥‚à¤‚à¤•à¤¿ à¤µà¤¾à¤¸à¥à¤¤à¤µ  à¤®à¥‡à¤‚ à¤®à¥ˆà¤‚ à¤–à¥à¤¦ à¤§à¥à¤°à¥à¤µ à¤•à¤¾ à¤¹à¤° à¤µà¥€à¤¡à¤¿à¤¯à¥‹ à¤¦à¥‡à¤–à¤¤à¤¾ à¤¹à¥‚à¤ à¤”à¤° à¤§à¥à¤°à¥à¤µ à¤•à¥‹ à¤¬à¤¹à¥à¤¤ à¤ªà¤¸à¤‚à¤¦ à¤•à¤°à¤¤à¤¾ à¤¹à¥‚à¤ à¤¯à¥‡ à¤®à¥‡à¤°à¥‡ à¤ªà¤¸à¤‚à¤¦à¥€à¤¦à¤¾ Youtuber à¤¹à¥ˆà¤‚,25,2026-01-30T16:04:08Z,6,False
UgzJSfTR3smo5qM4svF4AaABAg.ASbWpNywursASbjMX1Mlzz,j2qUj7a0ja8,@faizanabbasi5652,He's introvert bro,8,2026-01-30T18:02:23Z,0,True
UgzJSfTR3smo5qM4svF4AaABAg.ASbWpNywursAScDki_qtg-,j2qUj7a0ja8,@server_master7,You are ğŸ¤¡in social media ğŸ˜…,0,2026-01-30T22:36:42Z,0,True
UgzJSfTR3smo5qM4svF4AaABAg.ASbWpNywursASce6oXY2Ol,j2qUj7a0ja8,@mrvikash1650,Public speaking me halat kharab ho jati hai bhai,3,2026-01-31T02:35:47Z,0,True
UgzJSfTR3smo5qM4svF4AaABAg.ASbWpNywursASdDBnhpTOw,j2qUj7a0ja8,@ankitk_here,"Jb koi problem ni h, toh point out kyo kr rhe ho",0,2026-01-31T07:51:03Z,0,True
UgzJSfTR3smo5qM4svF4AaABAg.ASbWpNywursASdHO_Pf1-K,j2qUj7a0ja8,@mahe-sh,Kyu ki data ka accuracy ko bhi dhyan dena hota hai ...,2,2026-01-31T08:27:44Z,0,True
